track_id,track_name,artist_name,album_name,release_date,popularity,cover_url,spotify_url,artist_image_url,data_refresh_timestamp
1CPZ5BxNNd0n0nF4Orb9JS,Golden,HUNTR/X,KPop Demon Hunters (Soundtrack from the Netflix Film),2025-06-20,100,https://i.scdn.co/image/ab67616d0000b2734dcb6c5df15cf74596ab25a4,https://open.spotify.com/track/1CPZ5BxNNd0n0nF4Orb9JS,https://i.scdn.co/image/ab67616d0000b2736c1334650ced0e28f0b2e13f,2025-08-17 07:11:32
0FTmksd2dxiE5e3rWyJXs6,back to friends,sombr,back to friends,2024-12-27,97,https://i.scdn.co/image/ab67616d0000b2739d24f74c1e2d8a12b1e591ec,https://open.spotify.com/track/0FTmksd2dxiE5e3rWyJXs6,https://i.scdn.co/image/ab6761610000e5eb78edaa6468cae153565c2c97,2025-08-17 07:11:32
2RkZ5LkEzeHGRsmDqKwmaJ,Ordinary,Alex Warren,"You'll Be Alright, Kid (Chapter 1)",2024-09-26,92,https://i.scdn.co/image/ab67616d0000b27342fe69c0e7e5c92f01ece8ce,https://open.spotify.com/track/2RkZ5LkEzeHGRsmDqKwmaJ,https://i.scdn.co/image/ab6761610000e5ebe5547931c7f652c2ece8b76c,2025-08-17 07:11:32
1I37Zz2g3hk9eWxaNkj031,Your Idol,Saja Boys,KPop Demon Hunters (Soundtrack from the Netflix Film),2025-06-20,97,https://i.scdn.co/image/ab67616d0000b2734dcb6c5df15cf74596ab25a4,https://open.spotify.com/track/1I37Zz2g3hk9eWxaNkj031,https://i.scdn.co/image/ab6761610000e5eb3ea0cd016115b811fdcba1b1,2025-08-17 07:11:32
02sy7FAs8dkDNYsHp4Ul3f,Soda Pop,Saja Boys,KPop Demon Hunters (Soundtrack from the Netflix Film),2025-06-20,96,https://i.scdn.co/image/ab67616d0000b2734dcb6c5df15cf74596ab25a4,https://open.spotify.com/track/02sy7FAs8dkDNYsHp4Ul3f,https://i.scdn.co/image/ab6761610000e5eb3ea0cd016115b811fdcba1b1,2025-08-17 07:11:32
5BZsQlgw21vDOAjoqkNgKb,DAISIES,Justin Bieber,SWAG,2025-07-11,95,https://i.scdn.co/image/ab67616d0000b273172de562840d588bfdda27f3,https://open.spotify.com/track/5BZsQlgw21vDOAjoqkNgKb,https://i.scdn.co/image/ab6761610000e5eb86e362deb9f22566331fbdeb,2025-08-17 07:11:32
2SsY5k7UWFqgye3PUMG3Oq,The Subway,Chappell Roan,The Subway,2025-08-01,92,https://i.scdn.co/image/ab67616d0000b2730b96f8824100aab118792442,https://open.spotify.com/track/2SsY5k7UWFqgye3PUMG3Oq,https://i.scdn.co/image/ab6761610000e5ebd258ecb0d66244e6300bcf64,2025-08-17 07:11:32
7so0lgd0zP2Sbgs2d7a1SZ,Die With A Smile,Lady Gaga,MAYHEM,2025-03-07,87,https://i.scdn.co/image/ab67616d0000b273b0860cf0a98e09663c82290c,https://open.spotify.com/track/7so0lgd0zP2Sbgs2d7a1SZ,https://i.scdn.co/image/ab6761610000e5ebaadc18cac8d48124357c38e6,2025-08-17 07:11:32
3RXUgPNIbUgFxsDWuBQEt6,How It’s Done,HUNTR/X,KPop Demon Hunters (Soundtrack from the Netflix Film),2025-06-20,96,https://i.scdn.co/image/ab67616d0000b2734dcb6c5df15cf74596ab25a4,https://open.spotify.com/track/3RXUgPNIbUgFxsDWuBQEt6,https://i.scdn.co/image/ab67616d0000b2736c1334650ced0e28f0b2e13f,2025-08-17 07:11:32
6dOtVTDdiauQNBQEDOtlAB,BIRDS OF A FEATHER,Billie Eilish,HIT ME HARD AND SOFT,2024-05-17,96,https://i.scdn.co/image/ab67616d0000b27371d62ea7ea8a5be92d3c1f62,https://open.spotify.com/track/6dOtVTDdiauQNBQEDOtlAB,https://i.scdn.co/image/ab6761610000e5eb4a21b4760d2ecb7b0dcdc8da,2025-08-17 07:11:32
5H1sKFMzDeMtXwND3V6hRY,JUMP,BLACKPINK,JUMP,2025-07-11,95,https://i.scdn.co/image/ab67616d0000b2736224d1236b0e0a0e1586efbb,https://open.spotify.com/track/5H1sKFMzDeMtXwND3V6hRY,https://i.scdn.co/image/ab6761610000e5eb9b57f5eccf180a0049be84b3,2025-08-17 07:11:32
5sBDrrtLGbV64QJnEqfjer,What It Sounds Like,HUNTR/X,KPop Demon Hunters (Soundtrack from the Netflix Film),2025-06-20,95,https://i.scdn.co/image/ab67616d0000b2734dcb6c5df15cf74596ab25a4,https://open.spotify.com/track/5sBDrrtLGbV64QJnEqfjer,https://i.scdn.co/image/ab67616d0000b2736c1334650ced0e28f0b2e13f,2025-08-17 07:11:32
6iOndD4OFo7GkaDypWQIou,La Plena - W Sound 05,W Sound,La Plena (W Sound 05),2025-02-19,92,https://i.scdn.co/image/ab67616d0000b2734740100d84f3667f1eae6870,https://open.spotify.com/track/6iOndD4OFo7GkaDypWQIou,https://i.scdn.co/image/ab6761610000e5ebe1f56949ac440b59fc69adf5,2025-08-17 07:11:32
4WFgvKVfEhb3IUAFGrutTR,Love Me Not,Ravyn Lenae,Bird's Eye,2024-08-09,91,https://i.scdn.co/image/ab67616d0000b273ef985ba96e76a9574cc68a30,https://open.spotify.com/track/4WFgvKVfEhb3IUAFGrutTR,https://i.scdn.co/image/ab6761610000e5eb138d70fe372dedacdca53b61,2025-08-17 07:11:32
5DxDLsW6PsLz5gkwC7Mk5S,Free,Rumi,KPop Demon Hunters (Soundtrack from the Netflix Film),2025-06-20,94,https://i.scdn.co/image/ab67616d0000b2734dcb6c5df15cf74596ab25a4,https://open.spotify.com/track/5DxDLsW6PsLz5gkwC7Mk5S,,2025-08-17 07:11:32
1D35BJlymlh6OLD75WupSF,"Saiyaara (From ""Saiyaara"")",Tanishk Bagchi,"Saiyaara (From ""Saiyaara"")",2025-06-03,90,https://i.scdn.co/image/ab67616d0000b273a7e251b543c77a6ed356dfbe,https://open.spotify.com/track/1D35BJlymlh6OLD75WupSF,https://i.scdn.co/image/ab6761610000e5eb96f049daefd1875282baab0a,2025-08-17 07:11:32
0MHStU0muAIEMbwdnebYu2,Takedown,HUNTR/X,KPop Demon Hunters (Soundtrack from the Netflix Film),2025-06-20,94,https://i.scdn.co/image/ab67616d0000b2734dcb6c5df15cf74596ab25a4,https://open.spotify.com/track/0MHStU0muAIEMbwdnebYu2,https://i.scdn.co/image/ab67616d0000b2736c1334650ced0e28f0b2e13f,2025-08-17 07:11:32
27xkOIER6uDLKALIelHylZ,Don’t Say You Love Me,Jin,Echo,2025-05-16,88,https://i.scdn.co/image/ab67616d0000b27389228504f700641956e29f5d,https://open.spotify.com/track/27xkOIER6uDLKALIelHylZ,https://i.scdn.co/image/ab6761610000e5eb88d8bdd33e8395f94af933b7,2025-08-17 07:11:32
42UBPzRMh5yyz0EDPr6fr1,Manchild,Sabrina Carpenter,Manchild,2025-06-05,94,https://i.scdn.co/image/ab67616d0000b273062c6573009fdebd43de443b,https://open.spotify.com/track/42UBPzRMh5yyz0EDPr6fr1,https://i.scdn.co/image/ab6761610000e5eb78e45cfa4697ce3c437cb455,2025-08-17 07:11:32
6Qyc6fS4DsZjB2mRW9DsQs,Iris,The Goo Goo Dolls,Dizzy up the Girl,1998,92,https://i.scdn.co/image/ab67616d0000b273eda9478c39a21e1cdc6609ca,https://open.spotify.com/track/6Qyc6fS4DsZjB2mRW9DsQs,https://i.scdn.co/image/ab6761610000e5ebe7b66b8c4ba729848574df7a,2025-08-17 07:11:32
4AajxCEwGEsmHmT4H1TwjY,undressed,sombr,undressed,2025-03-21,93,https://i.scdn.co/image/ab67616d0000b273dad39d4906f76b7c176effb1,https://open.spotify.com/track/4AajxCEwGEsmHmT4H1TwjY,https://i.scdn.co/image/ab6761610000e5eb78edaa6468cae153565c2c97,2025-08-17 07:11:32
4wJ5Qq0jBN4ajy7ouZIV1c,APT.,ROSÉ,rosie,2024-12-06,85,https://i.scdn.co/image/ab67616d0000b2735074bd0894cb1340b8d8a678,https://open.spotify.com/track/4wJ5Qq0jBN4ajy7ouZIV1c,https://i.scdn.co/image/ab6761610000e5ebcfb4350222919670128ff2dc,2025-08-17 07:11:32
1xOqGUkyxGQRdCvGpvWKmL,Gabriela,KATSEYE,Gabriela,2025-06-20,92,https://i.scdn.co/image/ab67616d0000b2738fc09a2d527bc57602ce320f,https://open.spotify.com/track/1xOqGUkyxGQRdCvGpvWKmL,https://i.scdn.co/image/ab6761610000e5eb484e326315e09b3f382a7960,2025-08-17 07:11:32
7tI8dRuH2Yc6RuoTjxo4dU,Who,Jimin,MUSE,2024-07-19,87,https://i.scdn.co/image/ab67616d0000b273f02c451189a709b9a952aaec,https://open.spotify.com/track/7tI8dRuH2Yc6RuoTjxo4dU,https://i.scdn.co/image/ab6761610000e5ebcb08296cca5a2d197caabb79,2025-08-17 07:11:32
21IYMdzTrzSe191Cy5eMap,Sailor Song,Gigi Perez,"At The Beach, In Every Life",2025-04-25,88,https://i.scdn.co/image/ab67616d0000b27349c26270052e1671add569c1,https://open.spotify.com/track/21IYMdzTrzSe191Cy5eMap,https://i.scdn.co/image/ab6761610000e5ebd58f13475be93b37bb63893f,2025-08-17 07:11:32
3hRV0jL3vUpRrcy398teAU,The Night We Met,Lord Huron,Strange Trails,2015-04-06,90,https://i.scdn.co/image/ab67616d0000b27317875a0610c23d8946454583,https://open.spotify.com/track/3hRV0jL3vUpRrcy398teAU,https://i.scdn.co/image/ab6761610000e5eb0d4d3bb72e9375017fd94f71,2025-08-17 07:11:32
3xkHsmpQCBMytMJNiDf3Ii,Beautiful Things,Benson Boone,Fireworks & Rollerblades,2024-04-05,90,https://i.scdn.co/image/ab67616d0000b273cc04ff3e70e146ba9abacf40,https://open.spotify.com/track/3xkHsmpQCBMytMJNiDf3Ii,https://i.scdn.co/image/ab6761610000e5ebb68234e1a673acc3d873d3e6,2025-08-17 07:11:32
3QaPy1KgI7nu9FJEQUgn6h,WILDFLOWER,Billie Eilish,HIT ME HARD AND SOFT,2024-05-17,93,https://i.scdn.co/image/ab67616d0000b27371d62ea7ea8a5be92d3c1f62,https://open.spotify.com/track/3QaPy1KgI7nu9FJEQUgn6h,https://i.scdn.co/image/ab6761610000e5eb4a21b4760d2ecb7b0dcdc8da,2025-08-17 07:11:32
3cZajhyr8LmtPfHZ9296tj,No Broke Boys,Disco Lines,No Broke Boys,2025-06-06,90,https://i.scdn.co/image/ab67616d0000b27369aa159daad3e671c749f4c5,https://open.spotify.com/track/3cZajhyr8LmtPfHZ9296tj,https://i.scdn.co/image/ab6761610000e5eb965c9bf81cfe9ca329b8a5c7,2025-08-17 07:11:32
6eLQXa6uk2EW8drsiKbABZ,TU SANCHO,Fuerza Regida,111XPANTIA,2025-05-02,90,https://i.scdn.co/image/ab67616d0000b2732a2f9ea25cf65b5fb744b604,https://open.spotify.com/track/6eLQXa6uk2EW8drsiKbABZ,https://i.scdn.co/image/ab6761610000e5eb158a3d24a31166b983e26325,2025-08-17 07:11:32
29iva9idM6rFCPUlu7Rhxl,YUKON,Justin Bieber,SWAG,2025-07-11,90,https://i.scdn.co/image/ab67616d0000b273172de562840d588bfdda27f3,https://open.spotify.com/track/29iva9idM6rFCPUlu7Rhxl,https://i.scdn.co/image/ab6761610000e5eb86e362deb9f22566331fbdeb,2025-08-17 07:11:32
3AJwUDP919kvQ9QcozQPxg,Yellow,Coldplay,Parachutes,2000-07-10,92,https://i.scdn.co/image/ab67616d0000b2739164bafe9aaa168d93f4816a,https://open.spotify.com/track/3AJwUDP919kvQ9QcozQPxg,https://i.scdn.co/image/ab6761610000e5eb1ba8fc5f5c73e7e9313cc6eb,2025-08-17 07:11:32
1JSTJqkT5qHq8MDJnJbRE1,Every Breath You Take,The Police,Synchronicity (Remastered 2003),1983-06-17,91,https://i.scdn.co/image/ab67616d0000b273c8e97cafeb2acb85b21a777e,https://open.spotify.com/track/1JSTJqkT5qHq8MDJnJbRE1,https://i.scdn.co/image/1f73a61faca2942cd5ea29c2143184db8645f0b3,2025-08-17 07:11:32
7ne4VBA60CxGM75vw0EYad,That’s So True,Gracie Abrams,The Secret of Us (Deluxe),2024-10-18,92,https://i.scdn.co/image/ab67616d0000b2731dac3694b3289cd903cb3acf,https://open.spotify.com/track/7ne4VBA60CxGM75vw0EYad,https://i.scdn.co/image/ab6761610000e5ebf6d51e6f5342d2d363220920,2025-08-17 07:11:32
3sK8wGT43QFpWrvNQsrQya,DtMF,Bad Bunny,DeBÍ TiRAR MáS FOToS,2025-01-05,92,https://i.scdn.co/image/ab67616d0000b273bbd45c8d36e0e045ef640411,https://open.spotify.com/track/3sK8wGT43QFpWrvNQsrQya,https://i.scdn.co/image/ab6761610000e5eb744a4243fb6cc938011a98f4,2025-08-17 07:11:32
7D0RhFcb3CrfPuTJ0obrod,Sparks,Coldplay,Parachutes,2000-07-10,91,https://i.scdn.co/image/ab67616d0000b2739164bafe9aaa168d93f4816a,https://open.spotify.com/track/7D0RhFcb3CrfPuTJ0obrod,https://i.scdn.co/image/ab6761610000e5eb1ba8fc5f5c73e7e9313cc6eb,2025-08-17 07:11:32
2yWlGEgEfPot0lv3OAjuG3,Just Keep Watching (From F1® The Movie),Tate McRae,Just Keep Watching (From F1® The Movie),2025-05-30,92,https://i.scdn.co/image/ab67616d0000b27396e4cfdd4c3aa8088685b262,https://open.spotify.com/track/2yWlGEgEfPot0lv3OAjuG3,https://i.scdn.co/image/ab6761610000e5eb0ac65fc565cc8b59d561ee34,2025-08-17 07:11:32
2HRqTpkrJO5ggZyyK6NPWz,Espresso,Sabrina Carpenter,Short n' Sweet,2024-08-23,87,https://i.scdn.co/image/ab67616d0000b273fd8d7a8d96871e791cb1f626,https://open.spotify.com/track/2HRqTpkrJO5ggZyyK6NPWz,https://i.scdn.co/image/ab6761610000e5eb78e45cfa4697ce3c437cb455,2025-08-17 07:11:32
0WbMK4wrZ1wFSty9F7FCgu,"Good Luck, Babe!",Chappell Roan,"Good Luck, Babe!",2024-04-05,91,https://i.scdn.co/image/ab67616d0000b27391b4bc7c88d91a42e0f3a8b7,https://open.spotify.com/track/0WbMK4wrZ1wFSty9F7FCgu,https://i.scdn.co/image/ab6761610000e5ebd258ecb0d66244e6300bcf64,2025-08-17 07:11:32
7CyPwkp0oE8Ro9Dd5CUDjW,"One Of The Girls (with JENNIE, Lily Rose Depp)",The Weeknd,The Idol Episode 4 (Music from the HBO Original Series),2023-06-23,91,https://i.scdn.co/image/ab67616d0000b273b0dd6a5cd1dec96c4119c262,https://open.spotify.com/track/7CyPwkp0oE8Ro9Dd5CUDjW,https://i.scdn.co/image/ab6761610000e5eb9e528993a2820267b97f6aae,2025-08-17 07:11:32
3GCdLUSnKSMJhs4Tj6CV3s,"All The Stars (with SZA) - From ""Black Panther: The Album""",Kendrick Lamar,Black Panther The Album Music From And Inspired By,2018-02-09,91,https://i.scdn.co/image/ab67616d0000b273c027ad28821777b00dcaa888,https://open.spotify.com/track/3GCdLUSnKSMJhs4Tj6CV3s,https://i.scdn.co/image/ab6761610000e5eb39ba6dcd4355c03de0b50918,2025-08-17 07:11:32
0N6h5RnzCNJG3JfROXQIMQ,Perlas Negras,Natanael Cano,Porque La Demora,2025-07-01,86,https://i.scdn.co/image/ab67616d0000b2733ce335f7bd3204cce15424a5,https://open.spotify.com/track/0N6h5RnzCNJG3JfROXQIMQ,https://i.scdn.co/image/ab6761610000e5eb0d4838ef7ef6c0f889266f60,2025-08-17 07:11:32
17phhZDn6oGtzMe56NuWvj,Lose Control,Teddy Swims,I've Tried Everything But Therapy (Part 1),2023-09-15,89,https://i.scdn.co/image/ab67616d0000b2731a0323cc23419360a34a3ace,https://open.spotify.com/track/17phhZDn6oGtzMe56NuWvj,https://i.scdn.co/image/ab6761610000e5ebf9cf783eb03eb66aa43943ba,2025-08-17 07:11:32
3hpm0fTeSqlhJbnqAgaLZs,Marlboro Rojo,Fuerza Regida,111XPANTIA,2025-05-02,89,https://i.scdn.co/image/ab67616d0000b2732a2f9ea25cf65b5fb744b604,https://open.spotify.com/track/3hpm0fTeSqlhJbnqAgaLZs,https://i.scdn.co/image/ab6761610000e5eb158a3d24a31166b983e26325,2025-08-17 07:11:32
7koAf6aZgjO6TS7bipfPD0,YO y TÚ,Ovy On The Drums,YO y TÚ,2025-06-11,90,https://i.scdn.co/image/ab67616d0000b2737e3722344b0226b81ae8b50c,https://open.spotify.com/track/7koAf6aZgjO6TS7bipfPD0,https://i.scdn.co/image/ab6761610000e5ebbf7270a270d27e1b6c5b847e,2025-08-17 07:11:32
0FIDCNYYjNvPVimz5icugS,Timeless (feat Playboi Carti),The Weeknd,Hurry Up Tomorrow,2025-01-31,91,https://i.scdn.co/image/ab67616d0000b273982320da137d0de34410df61,https://open.spotify.com/track/0FIDCNYYjNvPVimz5icugS,https://i.scdn.co/image/ab6761610000e5eb9e528993a2820267b97f6aae,2025-08-17 07:11:32
2lTm559tuIvatlT1u0JYG2,BAILE INoLVIDABLE,Bad Bunny,DeBÍ TiRAR MáS FOToS,2025-01-05,92,https://i.scdn.co/image/ab67616d0000b273bbd45c8d36e0e045ef640411,https://open.spotify.com/track/2lTm559tuIvatlT1u0JYG2,https://i.scdn.co/image/ab6761610000e5eb744a4243fb6cc938011a98f4,2025-08-17 07:11:32
5XeFesFbtLpXzIVDNQP22n,I Wanna Be Yours,Arctic Monkeys,AM,2013-09-09,91,https://i.scdn.co/image/ab67616d0000b2734ae1c4c5c45aabe565499163,https://open.spotify.com/track/5XeFesFbtLpXzIVDNQP22n,https://i.scdn.co/image/ab6761610000e5eb7da39dea0a72f581535fb11f,2025-08-17 07:11:32
70LcF31zb1H0PyJoS1Sx1r,Creep,Radiohead,Pablo Honey,1993-02-22,91,https://i.scdn.co/image/ab67616d0000b273ec548c00d3ac2f10be73366d,https://open.spotify.com/track/70LcF31zb1H0PyJoS1Sx1r,https://i.scdn.co/image/ab6761610000e5ebc8824aec0936958401589b65,2025-08-17 07:11:32
6wHpLMmp98aHcV8L1JFrj8,Eternity,Alex Warren,"You'll Be Alright, Kid",2025-07-18,90,https://i.scdn.co/image/ab67616d0000b273b0a2d7a2d8406a4a72a92d5c,https://open.spotify.com/track/6wHpLMmp98aHcV8L1JFrj8,https://i.scdn.co/image/ab6761610000e5ebe5547931c7f652c2ece8b76c,2025-08-17 07:11:32
35ISBknsCeZQtq66xABI9g,Messy,Lola Young,This Wasn't Meant For You Anyway,2024-06-21,85,https://i.scdn.co/image/ab67616d0000b2736aa2a180c7b009ca8454ef89,https://open.spotify.com/track/35ISBknsCeZQtq66xABI9g,https://i.scdn.co/image/ab6761610000e5eb72440981cd31315dbf45d359,2025-08-17 07:11:32
0ofHAoxe9vBkTCp2UQIavz,Dreams - 2004 Remaster,Fleetwood Mac,Rumours (Super Deluxe),1977-02-04,91,https://i.scdn.co/image/ab67616d0000b273e52a59a28efa4773dd2bfe1b,https://open.spotify.com/track/0ofHAoxe9vBkTCp2UQIavz,https://i.scdn.co/image/ab6761610000e5ebc8752dd511cda8c31e9daee8,2025-08-17 07:11:32
1HEwEN64NjgTaHmo7LfkX8,no tiene sentido,Beéle,BORONDO,2025-05-15,90,https://i.scdn.co/image/ab67616d0000b273a346fc13b57ac8af62b59c0a,https://open.spotify.com/track/1HEwEN64NjgTaHmo7LfkX8,https://i.scdn.co/image/ab6761610000e5eb8e10d05db45e77a86256fc5d,2025-08-17 07:11:32
2QjOHCTQ1Jl3zawyYOpxh6,Sweater Weather,The Neighbourhood,I Love You.,2013-04-22,90,https://i.scdn.co/image/ab67616d0000b2738265a736a1eb838ad5a0b921,https://open.spotify.com/track/2QjOHCTQ1Jl3zawyYOpxh6,https://i.scdn.co/image/ab6761610000e5ebdf0b5ac84376a0a4b2166816,2025-08-17 07:11:32
56bPsRfOKla3bGGmVz1uk4,Frecuencia,Los Dareyes De La Sierra,Redención (Deluxe),2025-06-05,89,https://i.scdn.co/image/ab67616d0000b2732dd11be8f86b0dadccf92695,https://open.spotify.com/track/56bPsRfOKla3bGGmVz1uk4,https://i.scdn.co/image/ab6761610000e5eb555bc5d86d3ad8edcfd762f4,2025-08-17 07:11:32
45J4avUb9Ni0bnETYaYFVJ,luther (with sza),Kendrick Lamar,GNX,2024-11-22,86,https://i.scdn.co/image/ab67616d0000b273d9985092cd88bffd97653b58,https://open.spotify.com/track/45J4avUb9Ni0bnETYaYFVJ,https://i.scdn.co/image/ab6761610000e5eb39ba6dcd4355c03de0b50918,2025-08-17 07:11:32
2LHNTC9QZxsL3nWpt8iaSR,Abracadabra,Lady Gaga,MAYHEM,2025-03-07,82,https://i.scdn.co/image/ab67616d0000b273b0860cf0a98e09663c82290c,https://open.spotify.com/track/2LHNTC9QZxsL3nWpt8iaSR,https://i.scdn.co/image/ab6761610000e5ebaadc18cac8d48124357c38e6,2025-08-17 07:11:32
5ITV0zqzjOYfFWpW0xBmRa,Show Me Love,WizTheMc,Show Me Love,2025-02-07,91,https://i.scdn.co/image/ab67616d0000b273f67307349b14986af73d4fa0,https://open.spotify.com/track/5ITV0zqzjOYfFWpW0xBmRa,https://i.scdn.co/image/ab6761610000e5ebde214aa5ff2b3d2febcb59a7,2025-08-17 07:11:32
221eHga9f9Ne4f8D7WVgPT,Mystical Magical,Benson Boone,Mystical Magical,2025-04-24,86,https://i.scdn.co/image/ab67616d0000b273df98c5b533f9feac6fa81061,https://open.spotify.com/track/221eHga9f9Ne4f8D7WVgPT,https://i.scdn.co/image/ab6761610000e5ebb68234e1a673acc3d873d3e6,2025-08-17 07:11:32
6uiQ0DqbXTBc8tl0AUKZkR,TU VAS SIN (fav),Rels B,afroLOVA 25',2025-06-20,88,https://i.scdn.co/image/ab67616d0000b2730e409fad9527196e73e423ba,https://open.spotify.com/track/6uiQ0DqbXTBc8tl0AUKZkR,https://i.scdn.co/image/ab6761610000e5eb60d7f6254ce93e5ded619df4,2025-08-17 07:11:32
6eBYkBuDknRmKLj68hIfWW,"TAKEDOWN (JEONGYEON, JIHYO, CHAEYOUNG) (from the Netflix film KPop Demon Hunters)",TWICE,THIS IS FOR (DELUXE),2025-07-14,77,https://i.scdn.co/image/ab67616d0000b273eb73114bd8797c22b87ade8f,https://open.spotify.com/track/6eBYkBuDknRmKLj68hIfWW,https://i.scdn.co/image/ab6761610000e5ebfcef64d7657da13955bbdb7f,2025-08-17 07:11:32
6393yGahSJ9slVdOwSxOVR,Pink Pony Club,Chappell Roan,The Rise and Fall of a Midwest Princess,2023-09-21,84,https://i.scdn.co/image/ab67616d0000b273a21d22ecf823e1c90aa22d1f,https://open.spotify.com/track/6393yGahSJ9slVdOwSxOVR,https://i.scdn.co/image/ab6761610000e5ebd258ecb0d66244e6300bcf64,2025-08-17 07:11:32
2WQ09wqQBIOor7Q0VpIDBK,Rock That Body,Black Eyed Peas,THE E.N.D. (THE ENERGY NEVER DIES) [Deluxe Version],2009-01-01,86,https://i.scdn.co/image/ab67616d0000b2730bd44f5ff9ecc99f7770acc5,https://open.spotify.com/track/2WQ09wqQBIOor7Q0VpIDBK,https://i.scdn.co/image/ab6761610000e5ebb3037310c07b99cbefbd2c6d,2025-08-17 07:11:32
2fuYa3Lx06QQJAm0MjztKr,Let Down,Radiohead,OK Computer,1997-05-28,89,https://i.scdn.co/image/ab67616d0000b273c8b444df094279e70d0ed856,https://open.spotify.com/track/2fuYa3Lx06QQJAm0MjztKr,https://i.scdn.co/image/ab6761610000e5ebc8824aec0936958401589b65,2025-08-17 07:11:32
3siwsiaEoU4Kuuc9WKMUy5,No One Noticed,The Marías,Submarine,2024-05-31,90,https://i.scdn.co/image/ab67616d0000b2734d070fdf58fad8c54c5beb85,https://open.spotify.com/track/3siwsiaEoU4Kuuc9WKMUy5,https://i.scdn.co/image/ab6761610000e5ebaf586afa2b397f1288683a76,2025-08-17 07:11:32
27Y0yW53n0R1Oxle01FKmj,Chula Vente,Luis R Conriquez,Chula Vente,2025-07-24,85,https://i.scdn.co/image/ab67616d0000b2733491d7ed16690d2b0d95cbd4,https://open.spotify.com/track/27Y0yW53n0R1Oxle01FKmj,https://i.scdn.co/image/ab6761610000e5ebdb116ddecbb3006862956e65,2025-08-17 07:11:32
0fK7ie6XwGxQTIkpFoWkd1,like JENNIE,JENNIE,Ruby,2025-03-07,90,https://i.scdn.co/image/ab67616d0000b2735a43918ea90bf1e44b7bdcfd,https://open.spotify.com/track/0fK7ie6XwGxQTIkpFoWkd1,https://i.scdn.co/image/ab6761610000e5eba8e3627e392a1d8f539cb575,2025-08-17 07:11:32
2HRgqmZQC0MC7GeNuDIXHN,Seven (feat. Latto) (Explicit Ver.),Jung Kook,GOLDEN,2023-11-03,84,https://i.scdn.co/image/ab67616d0000b273741fd4807f442af3f7359316,https://open.spotify.com/track/2HRgqmZQC0MC7GeNuDIXHN,https://i.scdn.co/image/ab6761610000e5eb40a7268dd742e5f63759b960,2025-08-17 07:11:32
1mea3bSkSGXuIRvnydlB5b,Viva La Vida,Coldplay,Viva La Vida or Death and All His Friends,2008-06-06,88,https://i.scdn.co/image/ab67616d0000b273e21cc1db05580b6f2d2a3b6e,https://open.spotify.com/track/1mea3bSkSGXuIRvnydlB5b,https://i.scdn.co/image/ab6761610000e5eb1ba8fc5f5c73e7e9313cc6eb,2025-08-17 07:11:32
0eLtIxPRNJfsmehITZ1qaJ,Sahiba,Aditya Rikhari,Sahiba,2023-12-19,86,https://i.scdn.co/image/ab67616d0000b2730a47bbe7141fdfe0eb2cdba7,https://open.spotify.com/track/0eLtIxPRNJfsmehITZ1qaJ,https://i.scdn.co/image/ab6761610000e5eb482c8b15eab378fdebc5e05e,2025-08-17 07:11:32
4DnrAI8WyUY6gkOwl8GlPN,capaz (merengueton),Alleh,LA CIUDAD,2024-12-24,87,https://i.scdn.co/image/ab67616d0000b2736abd0fcf50a20ac09a028c92,https://open.spotify.com/track/4DnrAI8WyUY6gkOwl8GlPN,https://i.scdn.co/image/ab6761610000e5eb43ce88c0c0a38f7279ff6c43,2025-08-17 07:11:32
5TFD2bmFKGhoCRbX61nXY5,NUEVAYoL,Bad Bunny,DeBÍ TiRAR MáS FOToS,2025-01-05,90,https://i.scdn.co/image/ab67616d0000b273bbd45c8d36e0e045ef640411,https://open.spotify.com/track/5TFD2bmFKGhoCRbX61nXY5,https://i.scdn.co/image/ab6761610000e5eb744a4243fb6cc938011a98f4,2025-08-17 07:11:32
4Q0qVhFQa7j6jRKzo3HDmP,Sapphire,Ed Sheeran,Sapphire,2025-06-05,90,https://i.scdn.co/image/ab67616d0000b2736fbb60d6a7e03ccb940a518e,https://open.spotify.com/track/4Q0qVhFQa7j6jRKzo3HDmP,https://i.scdn.co/image/ab6761610000e5eb8eb08ed1a791d6e9fb041d61,2025-08-17 07:11:32
60a0Rd6pjrkxjPbaKzXjfq,In the End,Linkin Park,Hybrid Theory (Bonus Edition),2000-10-24,89,https://i.scdn.co/image/ab67616d0000b273e2f039481babe23658fc719a,https://open.spotify.com/track/60a0Rd6pjrkxjPbaKzXjfq,https://i.scdn.co/image/ab6761610000e5eb527d95dabbe8b8b527e8136f,2025-08-17 07:11:32
1j15Ar0qGDzIR0v3CQv3JL,Gnarly,KATSEYE,Gnarly,2025-04-30,88,https://i.scdn.co/image/ab67616d0000b2732ca769bb73374b00d09a1c82,https://open.spotify.com/track/1j15Ar0qGDzIR0v3CQv3JL,https://i.scdn.co/image/ab6761610000e5eb484e326315e09b3f382a7960,2025-08-17 07:11:32
2JPctdUgvkQSpnUdfROxvY,Te Quería Ver,Alemán,De Vuelta a las Andadas,2025-05-09,85,https://i.scdn.co/image/ab67616d0000b2737bd217557daae78f0aa3fa99,https://open.spotify.com/track/2JPctdUgvkQSpnUdfROxvY,https://i.scdn.co/image/ab6761610000e5eb6c1d2882997b15d14a7a7661,2025-08-17 07:11:32
73scB4Q4fcOmnsBVZPmk32,Si Antes Te Hubiera Conocido,KAROL G,Tropicoqueta,2025-06-20,83,https://i.scdn.co/image/ab67616d0000b2734018a6ba07312ec74af169e6,https://open.spotify.com/track/73scB4Q4fcOmnsBVZPmk32,https://i.scdn.co/image/ab6761610000e5eb66041ce9eb4497057cbc3496,2025-08-17 07:11:32
0GRc3eGTg8HBdWLRGYgqIc,Azizam,Ed Sheeran,Azizam,2025-04-04,90,https://i.scdn.co/image/ab67616d0000b273d29a003b6e8d4c1c47bd4da4,https://open.spotify.com/track/0GRc3eGTg8HBdWLRGYgqIc,https://i.scdn.co/image/ab6761610000e5eb8eb08ed1a791d6e9fb041d61,2025-08-17 07:11:32
2uXlHCUbq9OMUwx3hrk06o,Riptide,Vance Joy,Dream Your Life Away (Deluxe Edition),2014-08-05,85,https://i.scdn.co/image/ab67616d0000b2737cffb8896928039a0a10e4e7,https://open.spotify.com/track/2uXlHCUbq9OMUwx3hrk06o,https://i.scdn.co/image/ab6761610000e5eb8f074ec8c25406680bf26422,2025-08-17 07:11:32
7585wxMp2e3IhBq3tJAXgw,SUIZA,Calle 24,ONDEADO$,2024-12-12,88,https://i.scdn.co/image/ab67616d0000b273b864e4a51005c9b49c6c12d3,https://open.spotify.com/track/7585wxMp2e3IhBq3tJAXgw,https://i.scdn.co/image/ab6761610000e5eb13ec8d2390f7335cbcefdf53,2025-08-17 07:11:32
0BxE4FqsDD1Ot4YuBXwAPp,505,Arctic Monkeys,Favourite Worst Nightmare,2007-04-22,86,https://i.scdn.co/image/ab67616d0000b273b1f8da74f225fa1225cdface,https://open.spotify.com/track/0BxE4FqsDD1Ot4YuBXwAPp,https://i.scdn.co/image/ab6761610000e5eb7da39dea0a72f581535fb11f,2025-08-17 07:11:32
7MXVkk9YMctZqd1Srtv4MB,Starboy,The Weeknd,Starboy,2016-11-25,89,https://i.scdn.co/image/ab67616d0000b2734718e2b124f79258be7bc452,https://open.spotify.com/track/7MXVkk9YMctZqd1Srtv4MB,https://i.scdn.co/image/ab6761610000e5eb9e528993a2820267b97f6aae,2025-08-17 07:11:32
0QCIpQV3twfqo9kh0t8Zza,Shake It To The Max (FLY) - Remix,MOLIY,Shake It To The Max (FLY) (Remix),2025-02-21,90,https://i.scdn.co/image/ab67616d0000b2730069ee4e37f913fb1653b389,https://open.spotify.com/track/0QCIpQV3twfqo9kh0t8Zza,https://i.scdn.co/image/ab6761610000e5eb1d902c4063be1c7669e57ed9,2025-08-17 07:11:32
3hUxzQpSfdDqwM3ZTFQY0K,august,Taylor Swift,folklore,2020-07-24,88,https://i.scdn.co/image/ab67616d0000b27395f754318336a07e85ec59bc,https://open.spotify.com/track/3hUxzQpSfdDqwM3ZTFQY0K,https://i.scdn.co/image/ab6761610000e5ebe672b5f553298dcdccb0e676,2025-08-17 07:11:32
6J5kc12BW5HuP3d7C3vvx8,EoO,Bad Bunny,DeBÍ TiRAR MáS FOToS,2025-01-05,90,https://i.scdn.co/image/ab67616d0000b273bbd45c8d36e0e045ef640411,https://open.spotify.com/track/6J5kc12BW5HuP3d7C3vvx8,https://i.scdn.co/image/ab6761610000e5eb744a4243fb6cc938011a98f4,2025-08-17 07:11:32
75JFxkI2RXiU7L9VXzMkle,The Scientist,Coldplay,A Rush of Blood to the Head,2002-08-27,89,https://i.scdn.co/image/ab67616d0000b273de09e02aa7febf30b7c02d82,https://open.spotify.com/track/75JFxkI2RXiU7L9VXzMkle,https://i.scdn.co/image/ab6761610000e5eb1ba8fc5f5c73e7e9313cc6eb,2025-08-17 07:11:32
1eunv1DeEi29UfAcVEoLTt,POR SUS BESOS,Tito Double P,POR SUS BESOS,2025-07-11,88,https://i.scdn.co/image/ab67616d0000b2730072b075cd6ba3f7d6944c62,https://open.spotify.com/track/1eunv1DeEi29UfAcVEoLTt,https://i.scdn.co/image/ab6761610000e5eb6aaf8a0d393605e8489447f3,2025-08-17 07:11:32
2RdEC8Ff83WkX7kDVCHseE,party 4 u,Charli xcx,how i'm feeling now,2020-05-15,89,https://i.scdn.co/image/ab67616d0000b27349bdbd5880802dcbe4e0b2dd,https://open.spotify.com/track/2RdEC8Ff83WkX7kDVCHseE,https://i.scdn.co/image/ab6761610000e5eb936885667ef44c306483c838,2025-08-17 07:11:32
6MrLkXsMmHaYt680fhJUAq,12 to 12,sombr,12 to 12,2025-07-24,86,https://i.scdn.co/image/ab67616d0000b273e261428c386eb6de93bae544,https://open.spotify.com/track/6MrLkXsMmHaYt680fhJUAq,https://i.scdn.co/image/ab6761610000e5eb78edaa6468cae153565c2c97,2025-08-17 07:11:32
6xV7Be6XEvkSnighmh2Tzj,Sugar On My Tongue,"Tyler, The Creator",DON'T TAP THE GLASS,2025-07-21,88,https://i.scdn.co/image/ab67616d0000b273979047951fa8b15df9f9e984,https://open.spotify.com/track/6xV7Be6XEvkSnighmh2Tzj,https://i.scdn.co/image/ab6761610000e5ebdf2728294ff77dd11eeb18fb,2025-08-17 07:11:32
0VjIjW4GlUZAMYd2vXMi3b,Blinding Lights,The Weeknd,After Hours,2020-03-20,89,https://i.scdn.co/image/ab67616d0000b2738863bc11d2aa12b54f5aeb36,https://open.spotify.com/track/0VjIjW4GlUZAMYd2vXMi3b,https://i.scdn.co/image/ab6761610000e5eb9e528993a2820267b97f6aae,2025-08-17 07:11:32
5FMyXeZ0reYloRTiCkPprT,Which One (feat. Central Cee),Drake,Which One,2025-07-25,88,https://i.scdn.co/image/ab67616d0000b2738028a7b8c9fce086d4a47ba7,https://open.spotify.com/track/5FMyXeZ0reYloRTiCkPprT,https://i.scdn.co/image/ab6761610000e5eb4293385d324db8558179afd9,2025-08-17 07:11:32
3AVrVz5rK8Hrqo9YGiVGN5,Apocalypse,Cigarettes After Sex,Cigarettes After Sex,2017-06-09,5,https://i.scdn.co/image/ab67616d0000b2736b701428ed4c6e053902174a,https://open.spotify.com/track/3AVrVz5rK8Hrqo9YGiVGN5,https://i.scdn.co/image/ab6761610000e5eb0e871e0389b9722cc12a4118,2025-08-17 07:11:32
1C7NXX8UJ6pgNx8EkmyZDd,si te pillara,Beéle,BORONDO,2025-05-15,89,https://i.scdn.co/image/ab67616d0000b273a346fc13b57ac8af62b59c0a,https://open.spotify.com/track/1C7NXX8UJ6pgNx8EkmyZDd,https://i.scdn.co/image/ab6761610000e5eb8e10d05db45e77a86256fc5d,2025-08-17 07:11:32
0tgVpDi06FyKpA1z0VMD4v,Perfect,Ed Sheeran,÷ (Deluxe),2017-03-03,89,https://i.scdn.co/image/ab67616d0000b273ba5db46f4b838ef6027e6f96,https://open.spotify.com/track/0tgVpDi06FyKpA1z0VMD4v,https://i.scdn.co/image/ab6761610000e5eb8eb08ed1a791d6e9fb041d61,2025-08-17 07:11:32
1SKPmfSYaPsETbRHaiA18G,Somewhere Only We Know,Keane,Hopes And Fears,2004-05-10,86,https://i.scdn.co/image/ab67616d0000b2737d6cd95a046a3c0dacbc7d33,https://open.spotify.com/track/1SKPmfSYaPsETbRHaiA18G,https://i.scdn.co/image/ab6761610000e5eb92f6dba2793814a1c5aa8d35,2025-08-17 07:11:32
5Z0UnEtpLDQyYlWwgi8m9C,Too Sweet,Hozier,Unreal Unearth: Unheard,2024-03-22,19,https://i.scdn.co/image/ab67616d0000b2733e1b212546dac35443735241,https://open.spotify.com/track/5Z0UnEtpLDQyYlWwgi8m9C,https://i.scdn.co/image/ab6761610000e5ebad85a585103dfc2f3439119a,2025-08-17 07:11:32
3rUGC1vUpkDG9CZFHMur1t,greedy,Tate McRae,greedy,2023-09-15,88,https://i.scdn.co/image/ab67616d0000b27322fd802bc61db666c7c81aa8,https://open.spotify.com/track/3rUGC1vUpkDG9CZFHMur1t,https://i.scdn.co/image/ab6761610000e5eb0ac65fc565cc8b59d561ee34,2025-08-17 07:11:32
094IjHeVUviN4aBnSXYsuj,DIA DELÍCIA,Nakama,DIA DELÍCIA,2025-04-25,89,https://i.scdn.co/image/ab67616d0000b2739246fa656b3b831c60c42fd3,https://open.spotify.com/track/094IjHeVUviN4aBnSXYsuj,https://i.scdn.co/image/ab6761610000e5eb000faaa184b783f3169fa592,2025-08-17 07:11:32
1MPs1qa830QkHuyAOnaRqe,OJITOS MENTIROSOS,Chino Pacas,CRISTIAN,2025-08-01,79,https://i.scdn.co/image/ab67616d0000b2735b39691fe091d0d9070bc6ab,https://open.spotify.com/track/1MPs1qa830QkHuyAOnaRqe,https://i.scdn.co/image/ab6761610000e5eb7e3acb6a8028a33b7f0eae4c,2025-08-17 07:11:32
0nafF9MxcXJBQWv3BTKtdF,Verano Rosa,KAROL G,Tropicoqueta,2025-06-20,89,https://i.scdn.co/image/ab67616d0000b2734018a6ba07312ec74af169e6,https://open.spotify.com/track/0nafF9MxcXJBQWv3BTKtdF,https://i.scdn.co/image/ab6761610000e5eb66041ce9eb4497057cbc3496,2025-08-17 07:11:32
22fSzde77hjB052Vo155LF,Strategy (from the Netflix film KPop Demon Hunters),TWICE,STRATEGY,2024-12-06,79,https://i.scdn.co/image/ab67616d0000b273acf8ff27be32aec99d6c99a0,https://open.spotify.com/track/22fSzde77hjB052Vo155LF,https://i.scdn.co/image/ab6761610000e5ebfcef64d7657da13955bbdb7f,2025-08-17 07:11:32
7F25roCtYi55JouckaayPC,Judas,Lady Gaga,Born This Way (International Special Edition Version),2011-05-23,82,https://i.scdn.co/image/ab67616d0000b273a5d31644260279be8d0c46c0,https://open.spotify.com/track/7F25roCtYi55JouckaayPC,https://i.scdn.co/image/ab6761610000e5ebaadc18cac8d48124357c38e6,2025-08-17 07:11:32
5tlb0AxuzsMWL2GtEppXGX,Multo,Cup of Joe,Silakbo,2025-01-17,83,https://i.scdn.co/image/ab67616d0000b27385a7fd707d00e5d255807add,https://open.spotify.com/track/5tlb0AxuzsMWL2GtEppXGX,https://i.scdn.co/image/ab6761610000e5ebd3eacbbd91f1be9cfb910f93,2025-08-17 07:11:32
7BqBn9nzAq8spo5e7cZ0dJ,Just the Way You Are,Bruno Mars,Doo-Wops & Hooligans,2010-05-11,85,https://i.scdn.co/image/ab67616d0000b273f6b55ca93bd33211227b502b,https://open.spotify.com/track/7BqBn9nzAq8spo5e7cZ0dJ,https://i.scdn.co/image/ab6761610000e5ebc36dd9eb55fb0db4911f25dd,2025-08-17 07:11:32
3qhlB30KknSejmIvZZLjOD,End of Beginning,Djo,DECIDE,2022-09-16,89,https://i.scdn.co/image/ab67616d0000b273fddfffec51b4580acae727c1,https://open.spotify.com/track/3qhlB30KknSejmIvZZLjOD,https://i.scdn.co/image/ab6761610000e5eb44cd1d78b7d37cdd5bf8aac1,2025-08-17 07:11:32
1BxfuPKGuaTgP7aM0Bbdwr,Cruel Summer,Taylor Swift,Lover,2019-08-23,89,https://i.scdn.co/image/ab67616d0000b273e787cffec20aa2a396a61647,https://open.spotify.com/track/1BxfuPKGuaTgP7aM0Bbdwr,https://i.scdn.co/image/ab6761610000e5ebe672b5f553298dcdccb0e676,2025-08-17 07:11:32
78nx0HDJIFD5xDq2L5420Z,Blessings,Calvin Harris,Blessings,2025-05-09,89,https://i.scdn.co/image/ab67616d0000b2734ba976bec2d9619b6a88aad2,https://open.spotify.com/track/78nx0HDJIFD5xDq2L5420Z,https://i.scdn.co/image/ab6761610000e5eb1e4bcd2bef1896648762dd6b,2025-08-17 07:11:32
3JvKfv6T31zO0ini8iNItO,Another Love,Tom Odell,Long Way Down (Deluxe),2013-06-24,88,https://i.scdn.co/image/ab67616d0000b2731917a0f3f4152622a040913f,https://open.spotify.com/track/3JvKfv6T31zO0ini8iNItO,https://i.scdn.co/image/ab6761610000e5eb89633578648b0b51f53d167f,2025-08-17 07:11:32
2tpWsVSb9UEmDRxAl1zhX1,Counting Stars,OneRepublic,Native,2013-01-01,88,https://i.scdn.co/image/ab67616d0000b2739e2f95ae77cf436017ada9cb,https://open.spotify.com/track/2tpWsVSb9UEmDRxAl1zhX1,https://i.scdn.co/image/ab6761610000e5eb587687df50a967731901fcc2,2025-08-17 07:11:32
5G2f63n7IPVPPjfNIGih7Q,Taste,Sabrina Carpenter,Short n' Sweet,2024-08-23,88,https://i.scdn.co/image/ab67616d0000b273fd8d7a8d96871e791cb1f626,https://open.spotify.com/track/5G2f63n7IPVPPjfNIGih7Q,https://i.scdn.co/image/ab6761610000e5eb78e45cfa4697ce3c437cb455,2025-08-17 07:11:32
0lYBSQXN6rCTvUZvg9S0lU,Let Me Love You,DJ Snake,Encore,2016-08-05,88,https://i.scdn.co/image/ab67616d0000b273212d776c31027c511f0ee3bc,https://open.spotify.com/track/0lYBSQXN6rCTvUZvg9S0lU,https://i.scdn.co/image/ab6761610000e5ebf4cebaecf21134c83c4d3655,2025-08-17 07:11:32
5qqabIl2vWzo9ApSC317sa,Wonderwall - Remastered,Oasis,(What's The Story) Morning Glory? [Remastered],1995-10-02,80,https://i.scdn.co/image/ab67616d0000b27385e5dcc05cc216a10f141480,https://open.spotify.com/track/5qqabIl2vWzo9ApSC317sa,https://i.scdn.co/image/ab6761610000e5ebb4ddbc39706ef0f2ae0f7c9b,2025-08-17 07:11:32
7J1uxwnxfQLu4APicE5Rnj,Billie Jean,Michael Jackson,Thriller,1982-11-30,85,https://i.scdn.co/image/ab67616d0000b273de437d960dda1ac0a3586d97,https://open.spotify.com/track/7J1uxwnxfQLu4APicE5Rnj,https://i.scdn.co/image/ab6761610000e5eb997cc9a4aec335d46c9481fd,2025-08-17 07:11:32
2mdrVnxEnPR6iFijakkxQS,QLOO*,Young Cister,QLOO*,2025-05-22,87,https://i.scdn.co/image/ab67616d0000b27391a732fe4b868853898d1766,https://open.spotify.com/track/2mdrVnxEnPR6iFijakkxQS,https://i.scdn.co/image/ab6761610000e5eb466105c67320bb99b000d2f8,2025-08-17 07:11:32
6RUKPb4LETWmmr3iAEQktW,Something Just Like This,The Chainsmokers,Memories...Do Not Open,2017-04-07,88,https://i.scdn.co/image/ab67616d0000b2730c13d3d5a503c84fcc60ae94,https://open.spotify.com/track/6RUKPb4LETWmmr3iAEQktW,https://i.scdn.co/image/ab6761610000e5eb4567279fac84a0375c3d819b,2025-08-17 07:11:32
0hta2Lb2zKJ7kEnAEZEE3G,Nope your too late i already died,wifiskeleton,suburban daredevil,2024-10-22,89,https://i.scdn.co/image/ab67616d0000b2730713102d7bb855a4796f7cdc,https://open.spotify.com/track/0hta2Lb2zKJ7kEnAEZEE3G,https://i.scdn.co/image/ab6761610000e5eb15ff476675200f8bed35d114,2025-08-17 07:11:32
2nLtzopw4rPReszdYBJU6h,Numb,Linkin Park,Meteora,2003-03-25,88,https://i.scdn.co/image/ab67616d0000b2735f1f51d14e8bea89484ecd1b,https://open.spotify.com/track/2nLtzopw4rPReszdYBJU6h,https://i.scdn.co/image/ab6761610000e5eb527d95dabbe8b8b527e8136f,2025-08-17 07:11:32
51ZQ1vr10ffzbwIjDCwqm4,we can't be friends (wait for your love),Ariana Grande,eternal sunshine,2024-03-08,86,https://i.scdn.co/image/ab67616d0000b2738b58d20f1b77295730db15b4,https://open.spotify.com/track/51ZQ1vr10ffzbwIjDCwqm4,https://i.scdn.co/image/ab6761610000e5eb6725802588d7dc1aba076ca5,2025-08-17 07:11:32
3JiLQJmVW7d4O8AQDFB3oj,Thodi Si Daaru,AP Dhillon,Thodi Si Daaru,2025-07-17,79,https://i.scdn.co/image/ab67616d0000b273eb0516ec1c97c3cc97f4cb61,https://open.spotify.com/track/3JiLQJmVW7d4O8AQDFB3oj,https://i.scdn.co/image/ab6761610000e5ebfb505b37709fa86cfd8f55b3,2025-08-17 07:11:32
0bxPRWprUVpQK0UFcddkrA,Folded,Kehlani,Folded,2025-06-11,86,https://i.scdn.co/image/ab67616d0000b273c23c6110d6061ba7e2311141,https://open.spotify.com/track/0bxPRWprUVpQK0UFcddkrA,https://i.scdn.co/image/ab6761610000e5eb57082fd22d755e80a648fac3,2025-08-17 07:11:32
2a1o6ZejUi8U3wzzOtCOYw,Danza Kuduro,Don Omar,Meet The Orphans,2010-01-01,84,https://i.scdn.co/image/ab67616d0000b2734640a26eb27649006be29a94,https://open.spotify.com/track/2a1o6ZejUi8U3wzzOtCOYw,https://i.scdn.co/image/ab6761610000e5ebc9154bd840cd45e769c4e480,2025-08-17 07:11:32
1UPB5rYJ0bzn6mNSoAHrZC,You'll Be in My Heart,NIKI,You'll Be In My Heart,2022-09-14,88,https://i.scdn.co/image/ab67616d0000b2737cd329ea4a204a8a47caf3d5,https://open.spotify.com/track/1UPB5rYJ0bzn6mNSoAHrZC,https://i.scdn.co/image/ab6761610000e5eb0654e511623cba4e0e9e2f0c,2025-08-17 07:11:32
7d6yK8v8J484SWH5prIQiE,VeLDÁ,Bad Bunny,DeBÍ TiRAR MáS FOToS,2025-01-05,89,https://i.scdn.co/image/ab67616d0000b273bbd45c8d36e0e045ef640411,https://open.spotify.com/track/7d6yK8v8J484SWH5prIQiE,https://i.scdn.co/image/ab6761610000e5eb744a4243fb6cc938011a98f4,2025-08-17 07:11:32
7mDTvYD2ieE4Q28XFziMfJ,Cry,Cigarettes After Sex,Cry,2019-10-25,88,https://i.scdn.co/image/ab67616d0000b2738324db1ae37be249aed887e7,https://open.spotify.com/track/7mDTvYD2ieE4Q28XFziMfJ,https://i.scdn.co/image/ab6761610000e5eb0e871e0389b9722cc12a4118,2025-08-17 07:11:32
0nJW01T7XtvILxQgC5J7Wh,When I Was Your Man,Bruno Mars,Unorthodox Jukebox,2012-12-07,87,https://i.scdn.co/image/ab67616d0000b273926f43e7cce571e62720fd46,https://open.spotify.com/track/0nJW01T7XtvILxQgC5J7Wh,https://i.scdn.co/image/ab6761610000e5ebc36dd9eb55fb0db4911f25dd,2025-08-17 07:11:32
2WfaOiMkCvy7F5fcp2zZ8L,Take on Me,a-ha,Hunting High and Low,1985-06-01,88,https://i.scdn.co/image/ab67616d0000b273e8dd4db47e7177c63b0b7d53,https://open.spotify.com/track/2WfaOiMkCvy7F5fcp2zZ8L,https://i.scdn.co/image/ab6761610000e5eb0168ba8148c07c2cdeb7d067,2025-08-17 07:11:32
3w3y8KPTfNeOKPiqUTakBh,Locked out of Heaven,Bruno Mars,Unorthodox Jukebox,2012-12-07,88,https://i.scdn.co/image/ab67616d0000b273926f43e7cce571e62720fd46,https://open.spotify.com/track/3w3y8KPTfNeOKPiqUTakBh,https://i.scdn.co/image/ab6761610000e5ebc36dd9eb55fb0db4911f25dd,2025-08-17 07:11:32
2374M0fQpWi3dLnB54qaLX,Africa,TOTO,Toto IV,1982-04-08,88,https://i.scdn.co/image/ab67616d0000b2734a052b99c042dc15f933145b,https://open.spotify.com/track/2374M0fQpWi3dLnB54qaLX,https://i.scdn.co/image/ab6761610000e5eba59a5bcab211f964fe9bfb06,2025-08-17 07:11:32
5nPbKG04fhLkIAjcPFaZq7,I Adore You (feat. Daecolm),HUGEL,I Adore You (feat. Daecolm),2024-07-19,88,https://i.scdn.co/image/ab67616d0000b27305005dc483e9f8a73ccc6d3d,https://open.spotify.com/track/5nPbKG04fhLkIAjcPFaZq7,https://i.scdn.co/image/ab6761610000e5eb343b799b41a8c308fb4a72c2,2025-08-17 07:11:32
6AI3ezQ4o3HUoP6Dhudph3,Not Like Us,Kendrick Lamar,Not Like Us,2024-05-04,89,https://i.scdn.co/image/ab67616d0000b2731ea0c62b2339cbf493a999ad,https://open.spotify.com/track/6AI3ezQ4o3HUoP6Dhudph3,https://i.scdn.co/image/ab6761610000e5eb39ba6dcd4355c03de0b50918,2025-08-17 07:11:32
5IZXB5IKAD2qlvTPJYDCFB,I Had Some Help (Feat. Morgan Wallen),Post Malone,F-1 Trillion,2024-08-15,85,https://i.scdn.co/image/ab67616d0000b27388208159b1b3c69eefdeb2e0,https://open.spotify.com/track/5IZXB5IKAD2qlvTPJYDCFB,https://i.scdn.co/image/ab6761610000e5ebe17c0aa1714a03d62b5ce4e0,2025-08-17 07:11:32
4oB8Xd7gMlUEtWoD8bmCXW,Morena,Neton Vega,Mi Vida Mi Muerte,2025-02-14,88,https://i.scdn.co/image/ab67616d0000b2735c0540f97b3f95e387a9b58e,https://open.spotify.com/track/4oB8Xd7gMlUEtWoD8bmCXW,https://i.scdn.co/image/ab6761610000e5eb2fcd184b0b566e4e8f550ef8,2025-08-17 07:11:32
3pjpG96WxzRnxNFxZC56vV,Sports car,Tate McRae,So Close To What,2025-02-24,70,https://i.scdn.co/image/ab67616d0000b2737e8ac0e1145f9543812df95c,https://open.spotify.com/track/3pjpG96WxzRnxNFxZC56vV,https://i.scdn.co/image/ab6761610000e5eb0ac65fc565cc8b59d561ee34,2025-08-17 07:11:32
5fZJQrFKWQLb7FpJXZ1g7K,A Bar Song (Tipsy),Shaboozey,"Where I've Been, Isn't Where I'm Going",2024-05-31,82,https://i.scdn.co/image/ab67616d0000b273efa97e80fdb012456a40532c,https://open.spotify.com/track/5fZJQrFKWQLb7FpJXZ1g7K,https://i.scdn.co/image/ab6761610000e5eb2361ab73b5a386e2522790e8,2025-08-17 07:11:32
2tHwzyyOLoWSFqYNjeVMzj,Please Please Please,Sabrina Carpenter,Short n' Sweet,2024-08-23,85,https://i.scdn.co/image/ab67616d0000b273fd8d7a8d96871e791cb1f626,https://open.spotify.com/track/2tHwzyyOLoWSFqYNjeVMzj,https://i.scdn.co/image/ab6761610000e5eb78e45cfa4697ce3c437cb455,2025-08-17 07:11:32
4zhk2RS2EZODmBW6il55Qj,mi refe,Beéle,BORONDO,2025-05-15,86,https://i.scdn.co/image/ab67616d0000b273a346fc13b57ac8af62b59c0a,https://open.spotify.com/track/4zhk2RS2EZODmBW6il55Qj,https://i.scdn.co/image/ab6761610000e5eb8e10d05db45e77a86256fc5d,2025-08-17 07:11:32
003vvx7Niy0yvhvHt4a68B,Mr. Brightside,The Killers,Hot Fuss,2004,88,https://i.scdn.co/image/ab67616d0000b273ccdddd46119a4ff53eaf1f5d,https://open.spotify.com/track/003vvx7Niy0yvhvHt4a68B,https://i.scdn.co/image/ab6761610000e5eb207b21f3ed0ee96adce3166a,2025-08-17 07:11:32
2esZG2XFtuoWWA9AfDvSxy,Gata Only,FloyyMenor,EL COMIENZO,2024-08-09,79,https://i.scdn.co/image/ab67616d0000b273200e2b6526846c59789c92e6,https://open.spotify.com/track/2esZG2XFtuoWWA9AfDvSxy,https://i.scdn.co/image/ab6761610000e5eb035292979f82a70d9be130fd,2025-08-17 07:11:32
7KA4W4McWYRpgf0fWsJZWB,See You Again (feat. Kali Uchis),"Tyler, The Creator",Flower Boy,2017-07-21,90,https://i.scdn.co/image/ab67616d0000b2738940ac99f49e44f59e6f7fb3,https://open.spotify.com/track/7KA4W4McWYRpgf0fWsJZWB,https://i.scdn.co/image/ab6761610000e5ebdf2728294ff77dd11eeb18fb,2025-08-17 07:11:32
6ouhsRJ7gExB7LCYjITk4Y,Diet Pepsi,Addison Rae,Addison,2025-06-06,82,https://i.scdn.co/image/ab67616d0000b273ec92248aecf970a5e6eae916,https://open.spotify.com/track/6ouhsRJ7gExB7LCYjITk4Y,https://i.scdn.co/image/ab6761610000e5eb8aaca79d5544dc02bea2b6b2,2025-08-17 07:11:32
0d28khcov6AiegSCpG5TuT,Feel Good Inc.,Gorillaz,Demon Days,2005-05-23,87,https://i.scdn.co/image/ab67616d0000b27319d85a472f328a6ed9b704cf,https://open.spotify.com/track/0d28khcov6AiegSCpG5TuT,https://i.scdn.co/image/ab6761610000e5eb8699856fde13105fa01279ad,2025-08-17 07:11:32
1QV6tiMFM6fSOKOGLMHYYg,Poker Face,Lady Gaga,The Fame,2008-01-01,84,https://i.scdn.co/image/ab67616d0000b273e691217483df8798445c82e2,https://open.spotify.com/track/1QV6tiMFM6fSOKOGLMHYYg,https://i.scdn.co/image/ab6761610000e5ebaadc18cac8d48124357c38e6,2025-08-17 07:11:32
1XBYiRV30ykHw5f4wm6qEn,NIGHTS LIKE THIS,The Kid LAROI,THE FIRST TIME,2023-11-10,87,https://i.scdn.co/image/ab67616d0000b2732abb30c6296964d5d07458c2,https://open.spotify.com/track/1XBYiRV30ykHw5f4wm6qEn,https://i.scdn.co/image/ab6761610000e5ebb3fd5c8505c463f91d730ac3,2025-08-17 07:11:32
2Ch7LmS7r2Gy2kc64wv3Bz,Die For You,The Weeknd,Starboy,2016-11-25,80,https://i.scdn.co/image/ab67616d0000b2734718e2b124f79258be7bc452,https://open.spotify.com/track/2Ch7LmS7r2Gy2kc64wv3Bz,https://i.scdn.co/image/ab6761610000e5eb9e528993a2820267b97f6aae,2025-08-17 07:11:32
4CeeEOM32jQcH3eN9Q2dGj,Smells Like Teen Spirit,Nirvana,Nevermind (Remastered),1991-09-26,85,https://i.scdn.co/image/ab67616d0000b273fbc71c99f9c1296c56dd51b6,https://open.spotify.com/track/4CeeEOM32jQcH3eN9Q2dGj,https://i.scdn.co/image/84282c28d851a700132356381fcfbadc67ff498b,2025-08-17 07:11:32
51rfRCiUSvxXlCSCfIztBy,"I Love You, I'm Sorry",Gracie Abrams,The Secret of Us,2024-06-21,87,https://i.scdn.co/image/ab67616d0000b2736e2101520787791370f4a96b,https://open.spotify.com/track/51rfRCiUSvxXlCSCfIztBy,https://i.scdn.co/image/ab6761610000e5ebf6d51e6f5342d2d363220920,2025-08-17 07:11:32
1zu5ZpnrSArdoaT6Qq3yo9,Monolog,Pamungkas,Walk the Talk,2018-07-20,84,https://i.scdn.co/image/ab67616d0000b27366c9500d6204cc534d91800e,https://open.spotify.com/track/1zu5ZpnrSArdoaT6Qq3yo9,https://i.scdn.co/image/ab6761610000e5eba86c5c1e476abb50126c268d,2025-08-17 07:11:32
5RKQ5NdjSh2QzD4MaunT91,Don't Stop Believin' (2022 Remaster),Journey,Escape (2022 Remaster),1981-07-17,86,https://i.scdn.co/image/ab67616d0000b27363fa4751355b66f236943275,https://open.spotify.com/track/5RKQ5NdjSh2QzD4MaunT91,https://i.scdn.co/image/ab6761610000e5ebe848dfb35ea4969099662dfd,2025-08-17 07:11:32
5LrN7yUQAzvthd4QujgPFr,Here With Me,d4vd,Petals to Thorns,2023-05-26,88,https://i.scdn.co/image/ab67616d0000b27364fa1bda999f4fbd2b7c4bb7,https://open.spotify.com/track/5LrN7yUQAzvthd4QujgPFr,https://i.scdn.co/image/ab6761610000e5ebee632cde061121a5fe48c1d6,2025-08-17 07:11:32
3BntzKsnLf2pc0dsvE3Zav,Bad Dreams,Teddy Swims,I've Tried Everything But Therapy (Part 2),2025-01-24,85,https://i.scdn.co/image/ab67616d0000b27370b88fc5a2e13bc5440d947c,https://open.spotify.com/track/3BntzKsnLf2pc0dsvE3Zav,https://i.scdn.co/image/ab6761610000e5ebf9cf783eb03eb66aa43943ba,2025-08-17 07:11:32
59D4DOkspUbWyMmbAPQkxZ,VOY A LLeVARTE PA PR,Bad Bunny,DeBÍ TiRAR MáS FOToS,2025-01-05,88,https://i.scdn.co/image/ab67616d0000b273bbd45c8d36e0e045ef640411,https://open.spotify.com/track/59D4DOkspUbWyMmbAPQkxZ,https://i.scdn.co/image/ab6761610000e5eb744a4243fb6cc938011a98f4,2025-08-17 07:11:32
0COqiPhxzoWICwFCS4eZcp,Bring Me To Life,Evanescence,Fallen,2003-03-04,88,https://i.scdn.co/image/ab67616d0000b27325f49ab23f0ec6332efef432,https://open.spotify.com/track/0COqiPhxzoWICwFCS4eZcp,https://i.scdn.co/image/ab6761610000e5eb7ecf213c7dd78e0049379c5b,2025-08-17 07:11:32
3dYD57lRAUcMHufyqn9GcI,Take Me To Church,Hozier,Hozier,2014-09-19,83,https://i.scdn.co/image/ab67616d0000b2737a9bf5f82e32d33d4503fe7b,https://open.spotify.com/track/3dYD57lRAUcMHufyqn9GcI,https://i.scdn.co/image/ab6761610000e5ebad85a585103dfc2f3439119a,2025-08-17 07:11:32
7snQQk1zcKl8gZ92AnueZW,Sweet Child O' Mine,Guns N' Roses,Appetite For Destruction,1987-07-21,88,https://i.scdn.co/image/ab67616d0000b27321ebf49b3292c3f0f575f0f5,https://open.spotify.com/track/7snQQk1zcKl8gZ92AnueZW,https://i.scdn.co/image/ab6761610000e5eb50defaf9fc059a1efc541f4c,2025-08-17 07:11:32
22skzmqfdWrjJylampe0kt,Can't Hold Us (feat. Ray Dalton),Macklemore,The Heist,2012-10-09,85,https://i.scdn.co/image/ab67616d0000b2732a6b364528b128a4a17d100d,https://open.spotify.com/track/22skzmqfdWrjJylampe0kt,https://i.scdn.co/image/ab6761610000e5eb488b3b242f97163a7f8e17b9,2025-08-17 07:11:32
3be9ACTxtcL6Zm4vJRUiPG,blue,yung kai,blue,2024-08-02,88,https://i.scdn.co/image/ab67616d0000b273373c63a4666fb7193febc167,https://open.spotify.com/track/3be9ACTxtcL6Zm4vJRUiPG,https://i.scdn.co/image/ab6761610000e5ebb45f191e351f062c7213e0a9,2025-08-17 07:11:32
3fWibgdtgIie6LKTZ2rUoI,So Far So Fake,Pierce The Veil,The Jaws Of Life,2023-02-10,82,https://i.scdn.co/image/ab67616d0000b2732846907b5152fb7dc38e450a,https://open.spotify.com/track/3fWibgdtgIie6LKTZ2rUoI,https://i.scdn.co/image/ab6761610000e5eb6f8f8d13be17bf486219edc7,2025-08-17 07:11:32
4M70OqsMnH6GwzEFtYAF5o,Feel It,d4vd,WITHERED,2025-04-25,81,https://i.scdn.co/image/ab67616d0000b27371e538bd958aff399aef8f0d,https://open.spotify.com/track/4M70OqsMnH6GwzEFtYAF5o,https://i.scdn.co/image/ab6761610000e5ebee632cde061121a5fe48c1d6,2025-08-17 07:11:32
2u9S9JJ6hTZS3Vf22HOZKg,NOKIA,Drake,$ome $exy $ongs 4 U,2025-02-14,88,https://i.scdn.co/image/ab67616d0000b273cc392813bfd8f63d4d5f4a95,https://open.spotify.com/track/2u9S9JJ6hTZS3Vf22HOZKg,https://i.scdn.co/image/ab6761610000e5eb4293385d324db8558179afd9,2025-08-17 07:11:32
02BcXEH1zJYbXSabPtNlKf,Lose My Mind (feat. Doja Cat) [From F1® The Movie],Don Toliver,Lose My Mind (feat. Doja Cat) [From F1® The Movie],2025-04-30,87,https://i.scdn.co/image/ab67616d0000b273bed9c7b9e33025a81d4d02e4,https://open.spotify.com/track/02BcXEH1zJYbXSabPtNlKf,https://i.scdn.co/image/ab6761610000e5eb62d52993e245cb161f89b01c,2025-08-17 07:11:32
1PREzVLuDT6PSE9sej4wnV,COQUETA,Fuerza Regida,MALA MÍA,2024-12-19,87,https://i.scdn.co/image/ab67616d0000b273d4cef83f06fc615fe94aeaf5,https://open.spotify.com/track/1PREzVLuDT6PSE9sej4wnV,https://i.scdn.co/image/ab6761610000e5eb158a3d24a31166b983e26325,2025-08-17 07:11:32
3Vr3zh0r7ALn8VLqCiRR10,Stargazing,Myles Smith,Stargazing,2024-05-10,88,https://i.scdn.co/image/ab67616d0000b27381b12e1a0584e8ea7ba2ae4a,https://open.spotify.com/track/3Vr3zh0r7ALn8VLqCiRR10,https://i.scdn.co/image/ab6761610000e5eb955e2a4be7f5c90a68372bf5,2025-08-17 07:11:32
6aJn7Cst74cj4lNIiPRgav,Touch,KATSEYE,Touch,2024-07-26,85,https://i.scdn.co/image/ab67616d0000b2737e76c17cfbc723800452a24f,https://open.spotify.com/track/6aJn7Cst74cj4lNIiPRgav,https://i.scdn.co/image/ab6761610000e5eb484e326315e09b3f382a7960,2025-08-17 07:11:32
01qFKNWq73UfEslI0GvumE,3D (feat. Jack Harlow),Jung Kook,3D : The Remixes,2023-10-02,80,https://i.scdn.co/image/ab67616d0000b27399583bb32b47e87d55c6064b,https://open.spotify.com/track/01qFKNWq73UfEslI0GvumE,https://i.scdn.co/image/ab6761610000e5eb40a7268dd742e5f63759b960,2025-08-17 07:11:32
4TCL0qqKyqsMZml0G3M9IM,Telephone,Lady Gaga,The Fame Monster (Deluxe Edition),2009-11-05,70,https://i.scdn.co/image/ab67616d0000b2735c9890c0456a3719eeecd8aa,https://open.spotify.com/track/4TCL0qqKyqsMZml0G3M9IM,https://i.scdn.co/image/ab6761610000e5ebaadc18cac8d48124357c38e6,2025-08-17 07:11:32
0FDzzruyVECATHXKHFs9eJ,A Sky Full of Stars,Coldplay,Ghost Stories,2014-05-16,88,https://i.scdn.co/image/ab67616d0000b273e5a95573f1b91234630fd2cf,https://open.spotify.com/track/0FDzzruyVECATHXKHFs9eJ,https://i.scdn.co/image/ab6761610000e5eb1ba8fc5f5c73e7e9313cc6eb,2025-08-17 07:11:32
1zi7xx7UVEFkmKfv06H8x0,One Dance,Drake,Views,2016-05-06,88,https://i.scdn.co/image/ab67616d0000b2739416ed64daf84936d89e671c,https://open.spotify.com/track/1zi7xx7UVEFkmKfv06H8x0,https://i.scdn.co/image/ab6761610000e5eb4293385d324db8558179afd9,2025-08-17 07:11:32
4Dvkj6JhhA12EX05fT7y2e,As It Was,Harry Styles,Harry's House,2022-05-20,88,https://i.scdn.co/image/ab67616d0000b2732e8ed79e177ff6011076f5f0,https://open.spotify.com/track/4Dvkj6JhhA12EX05fT7y2e,https://i.scdn.co/image/ab6761610000e5ebf7db7c8ede90a019c54590bb,2025-08-17 07:11:32
3Jnxngdff0lVu2rza1GVx6,Paranoid - 2009 Remaster,Black Sabbath,Paranoid,1970-09-18,85,https://i.scdn.co/image/ab67616d0000b273605b25c031f809d78054a13c,https://open.spotify.com/track/3Jnxngdff0lVu2rza1GVx6,https://i.scdn.co/image/ab6761610000e5eb4870cd833ebe1092601820c3,2025-08-17 07:11:32
2FAZskT9yRjp2Oow9szJD8,The Days - NOTION Remix,Chrystal,The Days (NOTION Remix),2024-11-08,89,https://i.scdn.co/image/ab67616d0000b2739041b9965925059507fb44af,https://open.spotify.com/track/2FAZskT9yRjp2Oow9szJD8,https://i.scdn.co/image/ab6761610000e5eb44be9a945fe79dacb8ef473e,2025-08-17 07:11:32
0KKkJNfGyhkQ5aFogxQAPU,That's What I Like,Bruno Mars,24K Magic,2016-11-17,87,https://i.scdn.co/image/ab67616d0000b273232711f7d66a1e19e89e28c5,https://open.spotify.com/track/0KKkJNfGyhkQ5aFogxQAPU,https://i.scdn.co/image/ab6761610000e5ebc36dd9eb55fb0db4911f25dd,2025-08-17 07:11:32
6KfugJFINWqA42k59hmjFr,TABOLA BALE,Silet Open Up,TABOLA BALE,2025-04-03,82,https://i.scdn.co/image/ab67616d0000b27310df7b8e9b3ed2588888a8ae,https://open.spotify.com/track/6KfugJFINWqA42k59hmjFr,https://i.scdn.co/image/ab6761610000e5eb9b59e1007a20d7a5d8720dc8,2025-08-17 07:11:32
5e9TFTbltYBg2xThimr0rU,The Chain - 2004 Remaster,Fleetwood Mac,Rumours (Super Deluxe),1977-02-04,87,https://i.scdn.co/image/ab67616d0000b273e52a59a28efa4773dd2bfe1b,https://open.spotify.com/track/5e9TFTbltYBg2xThimr0rU,https://i.scdn.co/image/ab6761610000e5ebc8752dd511cda8c31e9daee8,2025-08-17 07:11:32
3U5JVgI2x4rDyHGObzJfNf,Unwritten,Natasha Bedingfield,Unwritten,2004-08-30,87,https://i.scdn.co/image/ab67616d0000b273b337e1ca6629a53c66a3b0d4,https://open.spotify.com/track/3U5JVgI2x4rDyHGObzJfNf,https://i.scdn.co/image/ab6761610000e5eb2bbb0c0f4352d833ff3b5068,2025-08-17 07:11:32
4SqWKzw0CbA05TGszDgMlc,I Love You So,The Walters,I Love You So,2014-11-28,87,https://i.scdn.co/image/ab67616d0000b2739214ff0109a0e062f8a6cf0f,https://open.spotify.com/track/4SqWKzw0CbA05TGszDgMlc,https://i.scdn.co/image/ab6761610000e5ebb22c5d2082459db182c28d10,2025-08-17 07:11:32
4sTlQPMyoFMPdhAJvErBN3,PASSO BEM SOLTO - Slowed,ATLXS,PASSO BEM SOLTO,2024-04-23,88,https://i.scdn.co/image/ab67616d0000b27336385e0fad3c87e8e8f19071,https://open.spotify.com/track/4sTlQPMyoFMPdhAJvErBN3,https://i.scdn.co/image/ab6761610000e5eb0dbdfe724b5e256b8ed0327a,2025-08-17 07:11:32
1BJJbSX6muJVF2AK7uH1x4,Move,Adam Port,Move,2024-06-07,86,https://i.scdn.co/image/ab67616d0000b273a959d221820e650bee1ca487,https://open.spotify.com/track/1BJJbSX6muJVF2AK7uH1x4,https://i.scdn.co/image/ab6761610000e5eb722acdd4bb9e3aac45436d08,2025-08-17 07:11:32
7BKLCZ1jbUBVqRi2FVlTVw,Closer,The Chainsmokers,Closer,2016-07-29,87,https://i.scdn.co/image/ab67616d0000b273495ce6da9aeb159e94eaa453,https://open.spotify.com/track/7BKLCZ1jbUBVqRi2FVlTVw,https://i.scdn.co/image/ab6761610000e5eb4567279fac84a0375c3d819b,2025-08-17 07:11:32
7JJmb5XwzOO8jgpou264Ml,There's Nothing Holdin' Me Back,Shawn Mendes,Illuminate (Deluxe),2017-04-20,87,https://i.scdn.co/image/ab67616d0000b273ea3ef7697cfd5705b8f47521,https://open.spotify.com/track/7JJmb5XwzOO8jgpou264Ml,https://i.scdn.co/image/ab6761610000e5eb58b4b9419486550f6fda0535,2025-08-17 07:11:32
2nMeu6UenVvwUktBCpLMK9,Young And Beautiful,Lana Del Rey,Young And Beautiful,2013-01-01,87,https://i.scdn.co/image/ab67616d0000b273d7fb3e4c63020039d1cff6b2,https://open.spotify.com/track/2nMeu6UenVvwUktBCpLMK9,https://i.scdn.co/image/ab6761610000e5ebb99cacf8acd5378206767261,2025-08-17 07:11:32
6ifUES3keWjwXgae8pXI3o,Me Rehúso,Danny Ocean,54+1,2019-03-22,85,https://i.scdn.co/image/ab67616d0000b273d8243a13e6f41310a5fa7b96,https://open.spotify.com/track/6ifUES3keWjwXgae8pXI3o,https://i.scdn.co/image/ab6761610000e5ebb485cde5cba6de6e5685278a,2025-08-17 07:11:32
4RvWPyQ5RL0ao9LPZeSouE,Everybody Wants To Rule The World,Tears For Fears,Songs From The Big Chair (Super Deluxe Edition),1985-02-25,87,https://i.scdn.co/image/ab67616d0000b27322463d6939fec9e17b2a6235,https://open.spotify.com/track/4RvWPyQ5RL0ao9LPZeSouE,https://i.scdn.co/image/ab6761610000e5eb1e63dea1bded4ae1d53b5c9a,2025-08-17 07:11:32
4QNpBfC0zvjKqPJcyqBy9W,Give Me Everything (feat. Nayer),Pitbull,Planet Pit (Deluxe Version),2011-06-17,88,https://i.scdn.co/image/ab67616d0000b2731dc7483a9fcfce54822a2f19,https://open.spotify.com/track/4QNpBfC0zvjKqPJcyqBy9W,https://i.scdn.co/image/ab6761610000e5eb4051627b19277613e0e62a34,2025-08-17 07:11:32
7qEHsqek33rTcFNT9PFqLf,Someone You Loved,Lewis Capaldi,Divinely Uninspired To A Hellish Extent,2019-05-17,87,https://i.scdn.co/image/ab67616d0000b273fc2101e6889d6ce9025f85f2,https://open.spotify.com/track/7qEHsqek33rTcFNT9PFqLf,https://i.scdn.co/image/ab6761610000e5ebdc9e707b0d0e591e08d3f549,2025-08-17 07:11:32
2GP6UzoA55p6yYiPCGyEhg,2+2,Omar Camacho,2+2,2025-06-23,85,https://i.scdn.co/image/ab67616d0000b273ae74a300afb22a64e59eb437,https://open.spotify.com/track/2GP6UzoA55p6yYiPCGyEhg,https://i.scdn.co/image/ab6761610000e5eb184ac1b232bf4e0b17c39b5c,2025-08-17 07:11:32
3BJe4B8zGnqEdQPMvfVjuS,Summertime Sadness,Lana Del Rey,Born To Die - The Paradise Edition,2012-01-01,84,https://i.scdn.co/image/ab67616d0000b273ebc8cfac8b586bc475b04918,https://open.spotify.com/track/3BJe4B8zGnqEdQPMvfVjuS,https://i.scdn.co/image/ab6761610000e5ebb99cacf8acd5378206767261,2025-08-17 07:11:32
3MKhTroJs5GF9H7LqN9fiw,Devil in Disguise,Marino,Devil in Disguise,2025-07-18,86,https://i.scdn.co/image/ab67616d0000b273117ebf5e67defe3f175eaccc,https://open.spotify.com/track/3MKhTroJs5GF9H7LqN9fiw,https://i.scdn.co/image/ab6761610000e5ebdfc24f285c27f56a89c0c53b,2025-08-17 07:11:32
1XGmzt0PVuFgQYYnV2It7A,Payphone,Maroon 5,Overexposed Track By Track,2012-01-01,85,https://i.scdn.co/image/ab67616d0000b273fc8633e22a7dba6aab817bff,https://open.spotify.com/track/1XGmzt0PVuFgQYYnV2It7A,https://i.scdn.co/image/ab6761610000e5ebf8349dfb619a7f842242de77,2025-08-17 07:11:32
6qn9YLKt13AGvpq9jfO8py,We Found Love,Rihanna,Talk That Talk,2011-11-18,83,https://i.scdn.co/image/ab67616d0000b273bef074de9ca825bddaeb9f46,https://open.spotify.com/track/6qn9YLKt13AGvpq9jfO8py,https://i.scdn.co/image/ab6761610000e5eb373e1be0410d4212bf72acab,2025-08-17 07:11:32
0pqnGHJpmpxLKifKRmU6WP,Believer,Imagine Dragons,Evolve,2017-06-23,88,https://i.scdn.co/image/ab67616d0000b2735675e83f707f1d7271e5cf8a,https://open.spotify.com/track/0pqnGHJpmpxLKifKRmU6WP,https://i.scdn.co/image/ab6761610000e5ebab47d8dae2b24f5afe7f9d38,2025-08-17 07:11:32
0ql6fgz8qk0pAEKrGeSppJ,bergema sampai selamanya,Nadhif Basalamah,Nadhif (laman berikutnya),2025-06-20,77,https://i.scdn.co/image/ab67616d0000b273f3e3f888fbfcc916ecce50a9,https://open.spotify.com/track/0ql6fgz8qk0pAEKrGeSppJ,https://i.scdn.co/image/ab6761610000e5eb6c95c421d7bdc60a2d980002,2025-08-17 07:11:32
2SkB7jADnfiWH8qAE9H8cO,En Privado,Xavi,En Privado,2025-02-06,85,https://i.scdn.co/image/ab67616d0000b2735ffe63ab6e8a3f6f5653d188,https://open.spotify.com/track/2SkB7jADnfiWH8qAE9H8cO,https://i.scdn.co/image/ab6761610000e5ebae59aa2a67a1c5ec69555d1f,2025-08-17 07:11:32
0RiRZpuVRbi7oqRdSMwhQY,Sunflower - Spider-Man: Into the Spider-Verse,Post Malone,Hollywood's Bleeding,2019-09-06,82,https://i.scdn.co/image/ab67616d0000b2739478c87599550dd73bfa7e02,https://open.spotify.com/track/0RiRZpuVRbi7oqRdSMwhQY,https://i.scdn.co/image/ab6761610000e5ebe17c0aa1714a03d62b5ce4e0,2025-08-17 07:11:32
6G8vN5EUtcDxOXOXadF6kp,"Tum Ho Toh (From ""Saiyaara"")",Vishal Mishra,"Tum Ho Toh (From ""Saiyaara"")",2025-06-17,81,https://i.scdn.co/image/ab67616d0000b273d998c880f085f08c7ddeeafc,https://open.spotify.com/track/6G8vN5EUtcDxOXOXadF6kp,https://i.scdn.co/image/ab6761610000e5ebfb13d10be20fdcb5a670f551,2025-08-17 07:11:32
5Nj2UVsxXAvhfYNpcre3al,FAMOSINHA,Dj Caio Vieira,FAMOSINHA,2025-02-28,86,https://i.scdn.co/image/ab67616d0000b273a4db412b95383cf5522a649a,https://open.spotify.com/track/5Nj2UVsxXAvhfYNpcre3al,https://i.scdn.co/image/ab6761610000e5eb11af2091058b8b411ad77c07,2025-08-17 07:11:32
2RsAajgo0g7bMCHxwH3Sk0,Come As You Are,Nirvana,Nevermind (Remastered),1991-09-26,83,https://i.scdn.co/image/ab67616d0000b273fbc71c99f9c1296c56dd51b6,https://open.spotify.com/track/2RsAajgo0g7bMCHxwH3Sk0,https://i.scdn.co/image/84282c28d851a700132356381fcfbadc67ff498b,2025-08-17 07:11:32
3zEN0ii6s4DHHBpnTp3RP7,We Are The People,Empire Of The Sun,Walking On A Dream (10th Anniversary Edition),2008-10-03,87,https://i.scdn.co/image/ab67616d0000b273f3aa0e6ca22a382007f61e4d,https://open.spotify.com/track/3zEN0ii6s4DHHBpnTp3RP7,https://i.scdn.co/image/ab6761610000e5ebc806f3e714afa21861e20248,2025-08-17 07:11:32
7G7mSV4BebkoHWwKTDvXu9,Winter Ahead (with PARK HYO SHIN),V,Winter Ahead (with PARK HYO SHIN),2024-11-29,81,https://i.scdn.co/image/ab67616d0000b27316ba2a3622bd0d0d985e3234,https://open.spotify.com/track/7G7mSV4BebkoHWwKTDvXu9,https://i.scdn.co/image/ab6761610000e5eb8e7d00d3aae87cf8fc6946e2,2025-08-17 07:11:32
6QFCMUUq1T2Vf5sFUXcuQ7,Beauty And A Beat,Justin Bieber,Believe,2012-01-01,84,https://i.scdn.co/image/ab67616d0000b273f1d02a6cec967f8b6b78f76e,https://open.spotify.com/track/6QFCMUUq1T2Vf5sFUXcuQ7,https://i.scdn.co/image/ab6761610000e5eb86e362deb9f22566331fbdeb,2025-08-17 07:11:32
